	Time	á@PtC	áAPbC out	áBPbC in	áCPtT	áDPbt out	áEPbT in	ÉGÉìÉWÉìâÒì]êî	C/Cì‡à≥	áA-C/Cì‡à≥	áB-C/Cì‡à≥	áD-C/Cì‡à≥	áE-C/Cì‡à≥	aps_pos	egr_gas_press	eng_rpm	exh_exb_control_status	exh_exb_enable_status	exh_relay_control_status			"Åhá@PtCÅhÇ∆""áCPtT""ÇÃà≥óÕç∑"
														VNT			EB	EB	EB			
Sr	Time	PtC	PbCout	PbCin	PtT	PbTout	PbTin	Erpm							P2T	Erpm						
1	0	26.2	28.1	24.3	7	14.7	12.2	1097	0.3	27.8	24	14.4	11.9	100	160.958104	1100.458793	0	0	0			-19.2
2	0.1	26.4	28.5	24.5	6.8	13.9	14.7	1100	0.3	28.2	24.2	13.6	14.4	100	161.139673	1100.172827	0	0	0			-19.6
3	0.2	26.9	29.7	24.5	6.1	13.4	13.9	1097	0.3	29.4	24.2	13.1	13.6	100	161.4375	1099.967229	0	0	0			-20.8
4	0.3	26.5	28.5	24.4	6.8	13.2	14.1	1103	0.3	28.2	24.1	12.9	13.8	100	161.419807	1100.285386	0	0	0			-19.7
5	0.4	26.4	28.4	24.6	7.3	13.9	13.9	1095	0.3	28.1	24.3	13.6	13.6	100	161.215716	1100.375	0	0	0			-19.1
6	0.5	27	29.5	24.4	5.9	14.3	14.4	1103	0.3	29.2	24.1	14	14.1	100	160.897954	1100.329092	0	0	0			-21.1
7	0.6	26.2	28.3	24.3	6.1	13.2	12.4	1101	0.3	28	24	12.9	12.1	100	160.836355	1100.553435	0	0	0			-20.1
8	0.7	26.5	28.5	24.4	6.9	13.4	15.2	1102	0.3	28.2	24.1	13.1	14.9	100	160.631054	1100.774216	0	0	0			-19.6
9	0.8	26.6	29.4	24.3	7.3	14.2	13.2	1100	0.3	29.1	24	13.9	12.9	100	160.655141	1100.314718	0	0	0			-19.3
10	0.9	26.2	28.2	24.2	7	14.7	12.6	1095	0.3	27.9	23.9	14.4	12.3	100	160.615922	1100.259078	0	0	0			-19.2
11	1	26.5	28.2	24.5	5.5	13.9	14.4	1100	0.3	27.9	24.2	13.6	14.1	100	160.608484	1100.447323	0	0	0			-21
12	1.1	26.9	29.7	24.4	6.8	13.5	14.1	1103	0.3	29.4	24.1	13.2	13.8	100	160.6875	1100.577202	0	0	0			-20.1
13	1.2	26.3	28.3	24.3	7.3	13.4	12.8	1103	0.3	28	24	13.1	12.5	100	161.265528	1100.542425	0	0	0			-19
14	1.3	26.4	28.5	24.4	7	13.9	14.1	1103	0.3	28.2	24.1	13.6	13.8	100	161.430303	1100.5	0	0	0			-19.4
15	1.4	26.9	29.6	24.4	7.3	13.5	14.3	1100	0.3	29.3	24.1	13.2	14	100	160.954588	1100.8737	0	0	0			-19.6
16	1.5	26.2	28.2	24.2	6.3	13.5	10.7	1102	0.3	27.9	23.9	13.2	10.4	100	160.664422	1100.605125	0	0	0			-19.9
17	1.6	26.2	28.3	24.4	7.4	13.4	12.2	1102	0.3	28	24.1	13.1	11.9	100	160.625	1100.396247	0	0	0			-18.8
18	1.7	26.6	29.4	24.2	6.8	13.8	13.4	1100	0.3	29.1	23.9	13.5	13.1	100	160.407158	1100.157158	0	0	0			-19.8
19	1.8	26.1	28.2	24.2	6.8	13.8	13.3	1100	0.3	27.9	23.9	13.5	13	100	160.146591	1100.239204	0	0	0			-19.3
20	1.9	26.3	28.2	24.4	6.9	13.8	13.7	1098	0.3	27.9	24.1	13.5	13.4	100	160.662652	1100.25	0	0	0			-19.4
21	2	26.7	29.4	24.3	6.3	13.5	13.9	1100	0.3	29.1	24	13.2	13.6	100	160.874657	1100.374771	0	0	0			-20.4
22	2.1	26.2	28.2	24.2	6.5	13.4	12.8	1100	0.3	27.9	23.9	13.1	12.5	100	160.935136	1100.625	0	0	0			-19.7
23	2.2	26.3	28.2	24.4	6.8	14.5	14.3	1100	0.3	27.9	24.1	14.2	14	100	160.909843	1100.615045	0	0	0			-19.5
24	2.3	26.9	29.8	24.5	6.9	13.4	12.2	1100	0.3	29.5	24.2	13.1	11.9	100	161.358669	1100.5	0	0	0			-20
25	2.4	26.4	28.5	24.3	7	14.2	12.6	1097	0.3	28.2	24	13.9	12.3	100	161.584607	1100.458843	0	0	0			-19.4
26	2.5	26.4	28.2	24.4	5.8	13.4	13.9	1101	0.3	27.9	24.1	13.1	13.6	100	160.885222	1100.25	0	0	0			-20.6
27	2.6	26.8	29.8	24.4	6.9	13.5	13.2	1101	0.3	29.5	24.1	13.2	12.9	100	160.202104	1100.220791	0	0	0			-19.9
28	2.7	26.4	28.3	24.2	5.9	13.8	13.2	1098	0.3	28	23.9	13.5	12.9	100	160.356861	1100.125	0	0	0			-20.5
29	2.8	26.3	28.3	24.3	7.4	14.3	13.4	1097	0.3	28	24	14	13.1	100	160.685543	1100.165362	0	0	0			-18.9
30	2.9	26.9	29.6	24.3	5.8	13.8	13.2	1102	0.3	29.3	24	13.5	12.9	100	160.904886	1100.342386	0	0	0			-21.1
31	3	26.2	28.3	24.1	6.5	13.2	13.9	1100	0.3	28	23.8	12.9	13.6	100	160.960426	1100.704147	0	0	0			-19.7
32	3.1	26.4	28.2	24.4	6.5	13.5	15.6	1098	0.3	27.9	24.1	13.2	15.3	100	160.92476	1101.05613	0	0	0			-19.9
33	3.2	27	29.8	24.4	5.9	13.8	13.2	1103	0.3	29.5	24.1	13.5	12.9	100	161.154528	1100.818241	0	0	0			-21.1
34	3.3	26.4	28.4	24.2	6.5	13.4	12.8	1101	0.3	28.1	23.9	13.1	12.5	100	161.182978	1100.5	0	0	0			-19.9
35	3.4	26.3	28.1	24.4	5.9	13.9	13.7	1100	0.3	27.8	24.1	13.6	13.4	100	160.871923	1100.644615	0	0	0			-20.4
36	3.5	27	29.7	24.3	5.4	13.9	13.4	1100	0.3	29.4	24	13.6	13.1	100	160.609781	1100.516843	0	0	0			-21.6
37	3.6	25.9	28.3	24.1	6.8	13.9	11.8	1103	0.3	28	23.8	13.6	11.5	100	160.645373	1100.375	0	0	0			-19.1
38	3.7	26.2	28	24.4	6.5	14.2	11.7	1100	0.3	27.7	24.1	13.9	11.4	100	160.775718	1100.375	0	0	0			-19.7
39	3.8	26.9	29.6	24.3	6.5	14.5	14.3	1100	0.3	29.3	24	14.2	14	100	160.625428	1100.468536	0	0	0			-20.4
40	3.9	26.3	28.4	24.2	7	14.2	13.7	1103	0.3	28.1	23.9	13.9	13.4	100	160.809369	1100.302505	0	0	0			-19.3
41	4	26.4	28.2	24.4	7.3	13.4	13.7	1100	0.3	27.9	24.1	13.1	13.4	100	161.237977	1099.731461	0	0	0			-19.1
42	4.1	27.2	30	24.6	6.3	12.5	11.3	1099	0.3	29.7	24.3	12.2	11	100	161.584571	1100.169143	0	0	0			-20.9
43	4.2	26.4	28.6	24.2	6.3	13.9	13.2	1100	0.3	28.3	23.9	13.6	12.9	100	161.853593	1100.478593	0	0	0			-20.1
44	4.3	26.4	28.3	24.4	6.5	12.5	13.9	1102	0.3	28	24.1	12.2	13.6	100	160.85867	1100.619568	0	0	0			-19.9
45	4.4	27	29.8	24.4	6.9	13	11.9	1100	0.3	29.5	24.1	12.7	11.6	100	160.562822	1100.500161	0	0	0			-20.1
46	4.5	26.3	28.3	24.2	7.7	14.2	13.9	1100	0.3	28	23.9	13.9	13.6	100	160.372643	1100.26414	0	0	0			-18.6
47	4.6	26.3	28.1	24.4	6.8	13.4	12.6	1102	0.3	27.8	24.1	13.1	12.3	100	160.307519	1100.625	0	0	0			-19.5
48	4.7	26.8	29.7	24.3	7.8	13.8	14.4	1097	0.3	29.4	24	13.5	14.1	100	160.272662	1100.625	0	0	0			-19
49	4.8	26.3	28.3	24.2	5.8	14.2	15.2	1100	0.3	28	23.9	13.9	14.9	100	160.529575	1100.569755	0	0	0			-20.5
50	4.9	26.3	28.2	24.4	7	13.2	11.8	1103	0.3	27.9	24.1	12.9	11.5	100	161.113137	1100.300637	0	0	0			-19.3
51	5	26.8	29.7	24.3	7.7	14.2	11.9	1101	0.3	29.4	24	13.9	11.6	100	161.253416	1100.470458	0	0	0			-19.1
52	5.1	26.3	28.4	24.3	8.2	14.7	14.3	1099	0.3	28.1	24	14.4	14	100	161.134114	1100.482421	0	0	0			-18.1
53	5.2	26.4	28.2	24.5	6.1	13.2	13.2	1099	0.3	27.9	24.2	12.9	12.9	100	161.128555	1100.831753	0	0	0			-20.3
54	5.3	25.8	28	23.4	7.7	14.3	13.9	1100	0.3	27.7	23.1	14	13.6	63.467136	160.63449	1100.722776	0	0	0			-18.1
55	5.4	23.4	24.9	21.8	6.5	13.8	12.2	1088	0.3	24.6	21.5	13.5	11.9	0.688713	158.344688	1090.50056	0	0	0			-16.9
56	5.5	21.6	23.2	19.6	8	13.2	13.3	1049	0.3	22.9	19.3	12.9	13	0	151.644931	1062.671371	0	0	0			-13.6
57	5.6	19.4	20.3	17.8	7.8	12.8	11.3	1026	0.3	20	17.5	12.5	11	0	145.789157	1035.433549	0	0	0			-11.6
58	5.7	17.3	18	15.8	9.7	14.9	14.1	1024	0.3	17.7	15.5	14.6	13.8	0	140.939197	1024.972262	0.539729	0.539729	0.539729			-7.6
59	5.8	14.3	14.9	12.8	48.8	50.2	44.4	1021	0.3	14.6	12.5	49.9	44.1	0	134.571532	1019.55672	1	1	1			34.5
60	5.9	11.2	11.2	10	113.5	111.4	105.2	1018	0.3	10.9	9.7	111.1	104.9	0	127.739952	1005.7953	1	1	1			102.3
61	6	8.7	8.2	7.6	152.8	154.6	152.9	1011	0.4	7.8	7.2	154.2	152.5	0	161.782648	1006.559353	1	1	1			144.1
62	6.1	7.8	7.4	5.8	170.5	173.5	172.6	1012	0.4	7	5.4	173.1	172.2	0	216.066995	1009.786608	1	1	1			162.7
63	6.2	6.1	5.4	4.6	196.2	198.1	196.2	1007	0.4	5	4.2	197.7	195.8	0	255.103798	1009.843728	1	1	1			190.1
64	6.3	4.7	3.7	3.3	192.1	194.7	192.1	1014	0.4	3.3	2.9	194.3	191.7	0	278.528278	1010.468837	1	1	1			187.4
65	6.4	4.1	3.3	2.7	200.9	203.1	199.5	1019	0.4	2.9	2.3	202.7	199.1	0	294.200085	1012.70314	1	1	1			196.8
66	6.5	3	1.9	1.9	209.7	212	210.9	1020	0.3	1.6	1.6	211.7	210.6	0	301.03909	1015.199518	1	1	1			206.7
67	6.6	3.2	2.3	1.3	199.3	202.8	200.7	1017	0.3	2	1	202.5	200.4	0	303.864203	1017.791267	1	1	1			196.1
68	6.7	2.7	1.6	1	207.1	210.1	210.5	1023	0.3	1.3	0.7	209.8	210.2	0	305.50039	1020.276659	1	1	1			204.4
69	6.8	2	0.8	0.5	197.4	200.8	200	1030	0.3	0.5	0.2	200.5	199.7	0	304.750598	1023.872424	1	1	1			195.4
70	6.9	1.9	0.6	0.3	204.5	207.5	204.9	1028	0.3	0.3	0	207.2	204.6	0	304.092539	1026.479875	1	1	1			202.6
71	7	1.1	-0.1	-0.1	188.9	193.6	201.6	1031	0.3	-0.4	-0.4	193.3	201.3	0	303.245755	1029.266982	1	1	1			187.8
72	7.1	1.5	0.3	-0.2	196	198.3	194.4	1033	0.3	0	-0.5	198	194.1	0	302.371117	1032.538092	1	1	1			194.5
73	7.2	0.9	-0.5	-0.4	199	204.1	205.4	1038	0.3	-0.8	-0.7	203.8	205.1	0	301.333786	1034.99837	1	1	1			198.1
74	7.3	1.4	0.2	-0.5	187.6	190.9	193.8	1036	0.2	0	-0.7	190.7	193.6	0	300.581868	1037.464393	1	1	1			186.2
75	7.4	0.5	-0.8	-0.6	203.2	205.6	205.2	1040	0.2	-1	-0.8	205.4	205	0	299.568163	1040.257184	1	1	1			202.7
76	7.5	1.2	0.1	-0.7	187.9	192.6	194	1046	0.2	-0.1	-0.9	192.4	193.8	0	299.005907	1042.456097	1	1	1			186.7
77	7.6	0.4	-0.8	-0.9	200.8	202.8	204.5	1049	0.2	-1	-1.1	202.6	204.3	0	298.29492	1044.739489	1	1	1			200.4
78	7.7	0.9	-0.2	-0.9	186.6	191.8	193.8	1048	0.2	-0.4	-1.1	191.6	193.6	0	297.588932	1047.23631	1	1	1			185.7
79	7.8	0.2	-1.1	-1	200.8	204.2	203.4	1051	0.2	-1.3	-1.2	204	203.2	0	297.3125	1049.227935	1	1	1			200.6
80	7.9	0.9	-0.3	-1	184.5	190	193.4	1057	0.2	-0.5	-1.2	189.8	193.2	0	297.34104	1051.334532	1	1	1			183.6
81	8	0	-1.1	-1	198.9	202.2	202.9	1052	0.2	-1.3	-1.2	202	202.7	0	297.375	1053.436498	1	1	1			198.9
82	8.1	0.6	-0.6	-1	189.4	192.2	191.6	1054	0.2	-0.8	-1.2	192	191.4	0	297.408838	1055.129778	1	1	1			188.8
83	8.2	0	-1.2	-1.1	189.9	195.5	201.9	1059	0.2	-1.4	-1.3	195.3	201.7	0	297.291718	1057.041253	1	1	1			189.9
84	8.3	0.4	-1	-1.1	197.1	200.5	194.4	1065	0.2	-1.2	-1.3	200.3	194.2	0	296.446845	1058.966492	1	1	1			196.7
85	8.4	0.1	-1.2	-1.3	186.2	190.9	193.1	1064	0.2	-1.4	-1.5	190.7	192.9	0	296.329195	1060.859481	1	1	1			186.1
86	8.5	0.3	-0.8	-1.2	200.2	202.7	201.6	1061	0.2	-1	-1.4	202.5	201.4	0	296.720357	1062.293283	1	1	1			199.9
87	8.6	0.1	-0.8	-1.3	192.4	195.2	193.1	1064	0.2	-1	-1.5	195	192.9	0	297.187556	1063.656404	1	1	1			192.3
88	8.7	0.5	-0.7	-1.2	200.9	203.8	202.6	1066	0.2	-0.9	-1.4	203.6	202.4	0	297.460949	1065.286555	1	1	1			200.4
89	8.8	0.4	-0.7	-1.3	189	194.1	194.4	1072	0.2	-0.9	-1.5	193.9	194.2	0	297.448009	1066.56084	1	1	1			188.6
90	8.9	0	-1.3	-1.3	198.5	202.3	204	1072	0.2	-1.5	-1.5	202.1	203.8	0	297.382906	1068.169434	1	1	1			198.5
91	9	0.4	-0.7	-1.2	185.8	189.5	192.8	1072	0.2	-0.9	-1.4	189.3	192.6	0	296.974133	1069.520333	1	1	1			185.4
92	9.1	-0.1	-1.4	-1.4	186.6	192.6	198.2	1070	0.2	-1.6	-1.6	192.4	198	0	296.817707	1070.463548	1	1	1			186.7
93	9.2	0.2	-1	-1.2	199.8	202.2	200	1077	0.2	-1.2	-1.4	202	199.8	0	297.187497	1071.750014	1	1	1			199.6
94	9.3	0.1	-1.2	-1.4	189.8	194.8	195.3	1072	0.2	-1.4	-1.6	194.6	195.1	0	296.99254	1072.93004	1	1	1			189.7
95	9.4	0.3	-0.9	-1.3	200.9	205	204.8	1074	0.2	-1.1	-1.5	204.8	204.6	0	298.281607	1074.311786	1	1	1			200.6
96	9.5	0.6	-0.6	-1.4	189.8	194.7	195	1072	0.2	-0.8	-1.6	194.5	194.8	0	297.906306	1075.140372	1	1	1			189.2
97	9.6	-0.1	-1.6	-1.4	197.5	202.2	201.9	1077	0.2	-1.8	-1.6	202	201.7	0	297.729313	1076.313159	1	1	1			197.6
98	9.7	0.2	-1	-1.4	199.8	201.3	196.2	1082	0.2	-1.2	-1.6	201.1	196	0	297.89896	1077.481242	1	1	1			199.6
99	9.8	0	-1.4	-1.5	192.6	196.7	193.5	1075	0.2	-1.6	-1.7	196.5	193.3	0	297.764907	1078.494255	1	1	1			192.6
100	9.9	0.3	-1	-1.3	202.2	205.3	204.5	1082	0.2	-1.2	-1.5	205.1	204.3	0	297.867031	1079.12948	1	1	1			201.9
101	10	0.5	-0.5	-1.4	191.3	195.2	194	1079	0.2	-0.7	-1.6	195	193.8	0	297.97916	1080.041758	1	1	1			190.8
102	10.1	-0.3	-1.6	-1.4	197.9	202.7	202.5	1080	0.2	-1.8	-1.6	202.5	202.3	0	298.101549	1080.859356	1	1	1			198.2
103	10.2	0.1	-1.2	-1.3	199.9	204.2	199.2	1087	0.2	-1.4	-1.5	204	199	0	298.400983	1081.561794	1	1	1			199.8
104	10.3	0	-1.4	-1.5	190.5	195.2	195.3	1081	0.2	-1.6	-1.7	195	195.1	0	298.266204	1082.399691	1	1	1			190.5
105	10.4	0.1	-1.2	-1.3	200.2	205	204.8	1086	0.2	-1.4	-1.5	204.8	204.6	0	298.0625	1083.2498	1	1	1			200.1
106	10.5	0.4	-0.7	-1.4	187	191.9	193.5	1087	0.2	-0.9	-1.6	191.7	193.3	0	298.0625	1083.8283	1	1	1			186.6
107	10.6	-0.2	-1.6	-1.5	186.2	191.7	197.7	1082	0.2	-1.8	-1.7	191.5	197.5	0	298.208356	1084.437567	1	1	1			186.4
108	10.7	0.2	-1.4	-1.4	201.7	204.8	203.3	1088	0.2	-1.6	-1.6	204.6	203.1	0	298.351509	1085.218108	1	1	1			201.5
109	10.8	0.3	-0.9	-1.6	191.3	195.8	195.8	1087	0.2	-1.1	-1.8	195.6	195.6	0	298.291788	1085.91606	1	1	1			191
110	10.9	-0.1	-1.4	-1.4	199.3	201.9	203.5	1091	0.2	-1.6	-1.6	201.7	203.3	0	298.294286	1086.390719	1	1	1			199.4
111	11	0	-1.2	-1.4	198.5	200.5	194.7	1088	0.2	-1.4	-1.6	200.3	194.5	0	298.452413	1086.966375	1	1	1			198.5
112	11.1	0	-1.6	-1.6	192.2	197.1	193.5	1088	0.2	-1.8	-1.8	196.9	193.3	0	298.104725	1087.619094	1	1	1			192.2
113	11.2	0.2	-1.2	-1.4	199.8	205	204.8	1091	0.2	-1.4	-1.6	204.8	204.6	0	298.154523	1088.265077	1	1	1			199.6
114	11.3	0.4	-0.7	-1.5	187.9	193.2	194.4	1092	0.2	-0.9	-1.7	193	194.2	0	298.078432	1088.593135	1	1	1			187.5
115	11.4	-0.3	-1.7	-1.6	186.6	191.4	195.8	1093	0.2	-1.9	-1.8	191.2	195.6	0	298.231642	1089.076046	1	1	1			186.9
116	11.5	0.2	-1.1	-1.4	200.8	204.6	203.4	1090	0.2	-1.3	-1.6	204.4	203.2	0	298.7893	1089.724222	1	1	1			200.6
117	11.6	0.6	-0.6	-1.5	190.3	195.5	194.7	1091	0.2	-0.8	-1.7	195.3	194.5	0	298.125031	1090.374972	1	1	1			189.7
118	11.7	-0.2	-1.7	-1.4	195.6	200.5	202.3	1093	0.2	-1.9	-1.6	200.3	202.1	0	298.42743	1090.525174	1	1	1			195.8
119	11.8	0.1	-1.1	-1.4	201.3	204.3	200	1090	0.2	-1.3	-1.6	204.1	199.8	0	298.202894	1091.16605	1	1	1			201.2
120	11.9	0.1	-1.2	-1.6	190.8	195.8	195.3	1093	0.2	-1.4	-1.8	195.6	195.1	0	298.335758	1091.625	1	1	1			190.7
121	12	-0.1	-1.5	-1.4	198.6	203.1	203.5	1094	0.2	-1.7	-1.6	202.9	203.3	0	298.020708	1091.708585	1	1	1			198.7
122	12.1	0.1	-1.2	-1.4	197.4	199.6	195	1096	0.2	-1.4	-1.6	199.4	194.8	0	297.90377	1092.229309	1	1	1			197.3
123	12.2	0.1	-1.3	-1.6	192.4	197.4	195.4	1091	0.2	-1.5	-1.8	197.2	195.2	0	298.296559	1092.718118	1	1	1			192.3
124	12.3	0	-1.1	-1.4	201.3	204.6	204.5	1093	0.2	-1.3	-1.6	204.4	204.3	0	298.382831	1093.036446	1	1	1			201.3
125	12.4	0.3	-1	-1.4	188.1	192.6	192.8	1093	0.2	-1.2	-1.6	192.4	192.6	0	298.291756	1093.250269	1	1	1			187.8
126	12.5	-0.2	-1.4	-1.6	190.5	194.3	193.1	1093	0.2	-1.6	-1.8	194.1	192.9	0	298.281088	1093.640867	1	1	1			190.7
127	12.6	0.2	-1	-1.4	201.4	205.7	204.9	1096	0.2	-1.2	-1.6	205.5	204.7	0	298.020908	1094.031138	1	1	1			201.2
128	12.7	0.4	-0.8	-1.4	185.1	191.8	194.7	1098	0.2	-1	-1.6	191.6	194.5	0	297.846432	1094.307136	1	1	1			184.7
129	12.8	-0.3	-1.7	-1.4	185.5	189.9	194	1096	0.2	-1.9	-1.6	189.7	193.8	0	297.843741	1094.562444	1	1	1			185.8
130	12.9	0.2	-1.1	-1.4	201.3	204.2	202.9	1095	0.2	-1.3	-1.6	204	202.7	0	297.976621	1094.885495	1	1	1			201.1
131	13	0.4	-0.8	-1.5	187.9	192.9	194.4	1095	0.2	-1	-1.7	192.7	194.2	0	297.843641	1095.145906	1	1	1			187.5
132	13.1	-0.2	-1.8	-1.4	186.6	193.2	198.5	1097	0.2	-2	-1.6	193	198.3	0	297.6875	1095.25	1	1	1			186.8
133	13.2	0.2	-1.2	-1.4	200.8	204.2	203	1096	0.2	-1.4	-1.6	204	202.8	0	297.64588	1095.416481	1	1	1			200.6
134	13.3	0.7	-0.6	-1.5	189.8	194.3	194.3	1096	0.2	-0.8	-1.7	194.1	194.1	0	297.580734	1095.677064	1	1	1			189.1
135	13.4	-0.2	-1.7	-1.6	194.3	199	201	1098	0.2	-1.9	-1.8	198.8	200.8	0	297.281029	1095.937648	1	1	1			194.5
136	13.5	0.2	-1.1	-1.4	199.5	202.7	200.7	1096	0.2	-1.3	-1.6	202.5	200.5	0	297.137996	1096.198015	1	1	1			199.3
137	13.6	0.4	-0.9	-1.6	190.5	194.7	195	1099	0.2	-1.1	-1.8	194.5	194.8	0	297.229098	1096.25	1	1	1			190.1
138	13.7	-0.5	-1.6	-1.4	196.4	200.3	201.6	1100	0.2	-1.8	-1.6	200.1	201.4	0	297.411212	1096.572424	1	1	1			196.9
139	13.8	0.1	-1.1	-1.4	200.3	204.1	198.5	1103	0.2	-1.3	-1.6	203.9	198.3	0	297.609142	1096.739428	1	1	1			200.2
140	13.9	0.3	-1	-1.6	188.5	193.2	194	1101	0.2	-1.2	-1.8	193	193.8	0	297.210386	1096.868461	1	1	1			188.2
141	14	-0.3	-1.8	-1.4	196.6	200.4	203.5	1102	0.2	-2	-1.6	200.2	203.3	0	296.937464	1097.000071	1	1	1			196.9
142	14.1	0	-1.2	-1.5	200.3	202.8	196.6	1098	0.2	-1.4	-1.7	202.6	196.4	0	296.860428	1097.132286	1	1	1			200.3
143	14.2	0	-1.2	-1.6	189.4	193.9	194.3	1096	0.2	-1.4	-1.8	193.7	194.1	0	296.402566	1097.393378	1	1	1			189.4
144	14.3	-0.2	-1.5	-1.5	196.7	200.5	201.9	1100	0.2	-1.7	-1.7	200.3	201.7	0	296.75	1097.610045	1	1	1			196.9
145	14.4	0	-1.3	-1.4	197.5	200.8	194	1098	0.2	-1.5	-1.6	200.6	193.8	0	296.739511	1097.520978	1	1	1			197.5
146	14.5	0	-1.3	-1.6	189.5	194.1	193.5	1100	0.2	-1.5	-1.8	193.9	193.3	0	296.70051	1097.67704	1	1	1			189.5
147	14.6	0	-1.3	-1.4	198	202.3	202.9	1100	0.2	-1.5	-1.6	202.1	202.7	0	296.687691	1097.875	1	1	1			198
148	14.7	0	-1.2	-1.5	195.8	199.3	192.1	1098	0.2	-1.4	-1.7	199.1	191.9	0	296.518244	1097.875	1	1	1			195.8
149	14.8	0	-1.4	-1.6	188.5	192.4	192.8	1100	0.2	-1.6	-1.8	192.2	192.6	0	296.520707	1097.958585	1	1	1			188.5
150	14.9	0	-1.4	-1.4	198	201.9	202.6	1098	0.2	-1.6	-1.6	201.7	202.4	0	296.132222	1098.171966	1	1	1			198
151	15	0	-1.2	-1.4	193.6	196.2	193.1	1096	0.2	-1.4	-1.6	196	192.9	0	295.677082	1098.25	1	1	1			193.6
152	15.1	0	-1.4	-1.6	190.2	195.1	192.5	1097	0.2	-1.6	-1.8	194.9	192.3	0	295.80719	1098.25	1	1	1			190.2
153	15.2	0	-1.4	-1.5	197.9	202.3	202.6	1099	0.2	-1.6	-1.7	202.1	202.4	0	295.875	1098.312474	1	1	1			197.9
154	15.3	0.1	-1.2	-1.4	189.9	193.2	190.5	1097	0.2	-1.4	-1.6	193	190.3	0	296.01054	1098.375	1	1	1			189.8
155	15.4	-0.2	-1.5	-1.6	189.5	194.5	191.9	1096	0.2	-1.7	-1.8	194.3	191.7	0	295.942415	1098.448034	1	1	1			189.7
156	15.5	0.1	-1.4	-1.4	197.6	202.2	202.6	1103	0.2	-1.6	-1.6	202	202.4	0	295.617256	1098.5	1	1	1			197.5
157	15.6	0.2	-1.1	-1.5	187.9	191.8	190.5	1098	0.2	-1.3	-1.7	191.6	190.3	0	295.583232	1098.5	1	1	1			187.7
158	15.7	0	-1.6	-1.6	190.2	194.3	190.6	1098	0.2	-1.8	-1.8	194.1	190.4	0	295.270506	1098.677247	1	1	1			190.2
159	15.8	0	-1.2	-1.4	198.3	201.5	201.5	1101	0.2	-1.4	-1.6	201.3	201.3	0	295.171967	1098.75	1	1	1			198.3
160	15.9	0.2	-0.9	-1.4	186.2	189.9	191.6	1100	0.2	-1.1	-1.6	189.7	191.4	0	295.286652	1098.849152	1	1	1			186
161	16	-0.1	-1.5	-1.6	189.5	192.8	189.6	1098	0.2	-1.7	-1.8	192.6	189.4	0	295.260485	1098.979029	1	1	1			189.6
162	16.1	0.1	-1.1	-1.4	198	201.5	201.9	1102	0.2	-1.3	-1.6	201.3	201.7	0	295.468557	1099	1	1	1			197.9
163	16.2	0.1	-1.1	-1.4	186.2	188.9	190.2	1101	0.2	-1.3	-1.6	188.7	190	0	294.983884	1098.885308	1	1	1			186.1
164	16.3	-0.1	-1.5	-1.5	188.5	191.9	189.2	1104	0.2	-1.7	-1.7	191.7	189	0	295.117315	1098.994877	1	1	1			188.6
165	16.4	0.1	-1.1	-1.4	198.3	201.2	200.6	1100	0.2	-1.3	-1.6	201	200.4	0	294.749496	1099.125	1	1	1			198.2
166	16.5	0.1	-1	-1.4	184.7	188.4	191.1	1099	0.2	-1.2	-1.6	188.2	190.9	0	294.307356	1099.130144	1	1	1			184.6
167	16.6	-0.1	-1.5	-1.6	187.5	191	189.7	1099	0.2	-1.7	-1.8	190.8	189.5	0	294.265525	1099.25	1	1	1			187.6
168	16.7	0.2	-1.2	-1.3	196.6	201.5	200.2	1102	0.2	-1.4	-1.5	201.3	200	0	295.085634	1099.25	1	1	1			196.4
169	16.8	0.3	-1	-1.4	183.3	187.3	188.5	1100	0.2	-1.2	-1.6	187.1	188.3	0	294.644755	1099.270968	1	1	1			183
170	16.9	-0.1	-1.5	-1.6	185.5	188.9	187.8	1101	0.2	-1.7	-1.8	188.7	187.6	0	293.83861	1099.375	1	1	1			185.6
171	17	0.3	-1	-1.4	197.5	200.4	199.7	1100	0.2	-1.2	-1.6	200.2	199.5	0	293.906663	1099.344163	1	1	1			197.2
172	17.1	0.4	-0.9	-1.4	184.3	188.4	189.4	1102	0.2	-1.1	-1.6	188.2	189.2	0	293.8125	1099.285519	1	1	1			183.9
173	17.2	0	-1.5	-1.6	185.1	189.1	189.7	1103	0.2	-1.7	-1.8	188.9	189.5	0	293.895187	1099.416343	1	1	1			185.1
174	17.3	0.3	-1.1	-1.5	197.4	201.2	200.6	1103	0.2	-1.3	-1.7	201	200.4	0	294.085639	1099.5	1	1	1			197.1
175	17.4	0.5	-0.8	-1.4	182.2	186.1	187.7	1101	0.2	-1	-1.6	185.9	187.5	0	294.098935	1099.5	1	1	1			181.7
176	17.5	0	-1.7	-1.6	184.1	188	188.5	1100	0.2	-1.9	-1.8	187.8	188.3	0	293.976671	1099.557219	1	1	1			184.1
177	17.6	0.2	-1.2	-1.5	196.4	200.3	200.4	1100	0.2	-1.4	-1.7	200.1	200.2	0	293.530897	1099.625	1	1	1			196.2
178	17.7	0.4	-1	-1.4	182.8	187.3	189.2	1099	0.2	-1.2	-1.6	187.1	189	0	293.289313	1099.557125	1	1	1			182.4
179	17.8	-0.1	-1.5	-1.6	184.7	188.4	188.6	1100	0.2	-1.7	-1.8	188.2	188.4	0	293.411535	1099.57307	1	1	1			184.8
180	17.9	0	-1.2	-1.4	197.5	200.4	200.2	1098	0.2	-1.4	-1.6	200.2	200	0	293.359453	1099.703047	1	1	1			197.5
181	18	0.2	-1	-1.5	181.8	186.5	188.2	1101	0.2	-1.2	-1.7	186.3	188	0	293.270877	1099.75	1	1	1			181.6
182	18.1	-0.3	-1.5	-1.6	183.7	187.4	186.3	1103	0.2	-1.7	-1.8	187.2	186.1	0	293.117049	1099.838634	1	1	1			184
183	18.2	0.3	-1.1	-1.5	195.8	199.4	199.5	1099	0.2	-1.3	-1.7	199.2	199.3	0	292.921642	1099.875	1	1	1			195.5
184	18.3	0.3	-0.7	-1.5	181	186.6	189	1103	0.2	-0.9	-1.7	186.4	188.8	0	292.825441	1099.974117	1	1	1			180.7
185	18.4	-0.2	-1.5	-1.6	183.3	188	187.1	1100	0.2	-1.7	-1.8	187.8	186.9	0	292.552036	1100.104186	1	1	1			183.5
186	18.5	0.1	-1	-1.5	196.6	199.4	198.5	1100	0.2	-1.2	-1.7	199.2	198.3	0	292.992389	1100.01558	1	1	1			196.5
187	18.6	0.4	-0.8	-1.5	182.4	186.4	188.5	1096	0.2	-1	-1.7	186.2	188.3	0	292.718309	1099.88527	1	1	1			182
188	18.7	-0.2	-1.6	-1.6	183.6	188	184.8	1098	0.2	-1.8	-1.8	187.8	184.6	0	292.627567	1100.234598	1	1	1			183.8
189	18.8	0.3	-1	-1.4	194	198.5	197.7	1101	0.2	-1.2	-1.6	198.3	197.5	0	292.499868	1100.25	1	1	1			193.7
190	18.9	0.5	-1	-1.4	181.8	187	186.8	1101	0.2	-1.2	-1.6	186.8	186.6	0	292.375	1100.25	1	1	1			181.3
191	19	-0.2	-1.5	-1.6	183.9	188.4	186.3	1102	0.2	-1.7	-1.8	188.2	186.1	0	292.343538	1100.260487	1	1	1			184.1
192	19.1	0	-1.1	-1.4	196.6	199.6	198.1	1097	0.2	-1.3	-1.6	199.4	197.9	0	291.960655	1100.390738	1	1	1			196.6
193	19.2	0.1	-1	-1.4	181	185.7	189	1100	0.2	-1.2	-1.6	185.5	188.8	0	291.6875	1100.5	1	1	1			180.9
194	19.3	-0.2	-1.6	-1.6	182.2	186.6	186.3	1100	0.2	-1.8	-1.8	186.4	186.1	0	291.713648	1100.447703	1	1	1			182.4
195	19.4	0.3	-1	-1.5	194.5	196.7	198.2	1103	0.2	-1.2	-1.7	196.5	198	0	291.750847	1100.25	1	1	1			194.2
196	19.5	0.4	-0.9	-1.4	182	185.7	186.6	1101	0.2	-1.1	-1.6	185.5	186.4	0	291.526956	1100.321088	1	1	1			181.6
197	19.6	0	-1.5	-1.5	184.5	188.4	185.8	1099	0.2	-1.7	-1.7	188.2	185.6	0	291.561913	1100.5	1	1	1			184.5
198	19.7	0.2	-1.2	-1.5	194.8	197.9	198.1	1099	0.2	-1.4	-1.7	197.7	197.9	0	291.580548	1100.45361	1	1	1			194.6
199	19.8	0.2	-0.9	-1.6	179.9	185.4	186.6	1100	0.2	-1.1	-1.8	185.2	186.4	0	291.109271	1100.427153	1	1	1			179.7
200	19.9	0	-1.4	-1.6	180.1	187.3	184.9	1101	0.2	-1.6	-1.8	187.1	184.7	0	290.914111	1100.557259	1	1	1			180.1
201	20	0.2	-1.1	-1.4	193.2	197.5	195.9	1100	0.2	-1.3	-1.6	197.3	195.7	0	290.90641	1100.562393	1	1	1			193
202	20.1	0.4	-1.1	-1.5	181	185.9	187.8	1092	0.2	-1.3	-1.7	185.7	187.6	0	291.067853	1100.432147	1	1	1			180.6
203	20.2	0.1	-1.3	-1.6	182.8	188	186.3	1102	0.2	-1.5	-1.8	187.8	186.1	0	291.088478	1100.448044	1	1	1			182.7
204	20.3	0.1	-1.1	-1.4	194.5	196.6	198.5	1103	0.2	-1.3	-1.6	196.4	198.3	0	291.0625	1100.5	1	1	1			194.4
205	20.4	0.1	-1.1	-1.5	181.7	185	185.8	1099	0.2	-1.3	-1.7	184.8	185.6	0	291.0625	1100.583286	1	1	1			181.6
206	20.5	0.1	-1.5	-1.6	182.2	187.9	185.9	1099	0.2	-1.7	-1.8	187.7	185.7	0	290.441771	1100.536324	1	1	1			182.1
207	20.6	0.1	-1.2	-1.5	193.6	196.7	195.8	1099	0.2	-1.4	-1.7	196.5	195.6	0	290.328438	1100.593959	1	1	1			193.5
208	20.7	0.2	-1	-1.4	180.5	184.6	186.6	1104	0.2	-1.2	-1.6	184.4	186.4	0	290.226219	1100.724188	1	1	1			180.3
209	20.8	0	-1.5	-1.6	178.2	188.1	185.8	1100	0.2	-1.7	-1.8	187.9	185.6	0	290.239587	1100.645827	1	1	1			178.2
210	20.9	0.1	-1.2	-1.5	192.8	196.4	196.6	1103	0.2	-1.4	-1.7	196.2	196.4	0	290.359372	1100.515628	1	1	1			192.7
211	21	0.3	-1.1	-1.5	180.8	185.5	184.9	1100	0.2	-1.3	-1.7	185.3	184.7	0	290.0883	1100.38532	1	1	1			180.5
212	21.1	-0.1	-1.5	-1.6	182.2	188.4	186.7	1102	0.2	-1.7	-1.8	188.2	186.5	0	290.362539	1100.615032	1	1	1			182.3
213	21.2	0.2	-1.3	-1.4	187.9	196.6	196.2	1103	0.2	-1.5	-1.6	196.4	196	0	290.248522	1100.625	1	1	1			187.7
214	21.3	0.3	-1.2	-1.4	180.8	185.9	185.8	1098	0.2	-1.4	-1.6	185.7	185.6	0	289.447792	1100.619854	1	1	1			180.5
215	21.4	0.1	-1.5	-1.6	182.6	187.9	185.9	1099	0.2	-1.7	-1.8	187.7	185.7	0	289.671854	1100.5	1	1	1			182.5
216	21.5	0.1	-1	-1.5	190.9	195.5	196.6	1098	0.2	-1.2	-1.7	195.3	196.4	0	289.468353	1100.515823	1	1	1			190.8
217	21.6	0	-1.2	-1.4	182.4	186.4	184.4	1101	0.2	-1.4	-1.6	186.2	184.2	0	289.229248	1100.604248	1	1	1			182.4
218	21.7	-0.1	-1.6	-1.6	182.6	188.4	185.2	1100	0.2	-1.8	-1.8	188.2	185	0	289.199929	1100.450047	1	1	1			182.7
219	21.8	0.2	-1.2	-1.5	191.3	194.3	197.3	1100	0.2	-1.4	-1.7	194.1	197.1	0	289.577342	1100.25	1	1	1			191.1
220	21.9	0	-1.1	-1.4	181.3	185.1	184	1103	0.2	-1.3	-1.6	184.9	183.8	0	289.597026	1100.321825	1	1	1			181.3
221	22	0	-1.5	-1.6	182.9	187	184.7	1106	0.2	-1.7	-1.8	186.8	184.5	0	289.020586	1100.458086	1	1	1			182.9
222	22.1	0.2	-1.3	-1.5	190.9	195.1	195.3	1098	0.2	-1.5	-1.7	194.9	195.1	0	288.819762	1100.375	1	1	1			190.7
223	22.2	0.1	-1.2	-1.4	183.2	186.9	184.3	1105	0.2	-1.4	-1.6	186.7	184.1	0	288.625	1100.322849	1	1	1			183.1
224	22.3	-0.1	-1.4	-1.6	183.7	187.4	184.4	1102	0.2	-1.6	-1.8	187.2	184.2	0	288.596363	1100.307275	1	1	1			183.8
225	22.4	0	-1.4	-1.4	190.3	194.5	194.4	1104	0.2	-1.6	-1.6	194.3	194.2	0	288.531195	1100.375	1	1	1			190.3
226	22.5	0.1	-1.1	-1.5	182.8	186.5	184.8	1098	0.2	-1.3	-1.7	186.3	184.6	0	288.703669	1100.30711	1	1	1			182.7
227	22.6	0	-1.4	-1.7	180.4	185.7	184	1101	0.2	-1.6	-1.9	185.5	183.8	0	288.801852	1100.25	1	1	1			180.4
228	22.7	0	-1.4	-1.5	190.8	194.1	194.4	1101	0.2	-1.6	-1.7	193.9	194.2	0	288.632656	1100.406458	1	1	1			190.8
229	22.8	0.1	-1.2	-1.4	185.1	187.6	183.3	1100	0.2	-1.4	-1.6	187.4	183.1	0	288.479123	1100.5	1	1	1			185
230	22.9	0.1	-1.4	-1.6	181.8	186.5	184.3	1100	0.2	-1.6	-1.8	186.3	184.1	0	287.90525	1100.411292	1	1	1			181.7
231	23	0	-1.3	-1.5	190.9	193.3	194.4	1098	0.2	-1.5	-1.7	193.1	194.2	0	287.922473	1100.375	1	1	1			190.9
232	23.1	0.1	-1.2	-1.5	184.3	186.5	182.8	1100	0.2	-1.4	-1.7	186.3	182.6	0	288	1100.375	1	1	1			184.2
233	23.2	0.1	-1.4	-1.6	180.4	184.6	185.6	1100	0.2	-1.6	-1.8	184.4	185.4	0	287.739512	1100.479195	1	1	1			180.3
234	23.3	0	-1.3	-1.5	189.3	192.4	193.5	1096	0.2	-1.5	-1.7	192.2	193.3	0	287.796853	1100.281294	1	1	1			189.3
235	23.4	0	-1.2	-1.5	186	188	183	1103	0.2	-1.4	-1.7	187.8	182.8	0	287.755087	1100.135175	1	1	1			186
236	23.5	0.1	-1.4	-1.6	181.3	185.7	185.2	1102	0.2	-1.6	-1.8	185.5	185	0	287.629944	1100.365113	1	1	1			181.2
237	23.6	0.1	-1.3	-1.4	188.5	192.9	193.4	1100	0.2	-1.5	-1.6	192.7	193.2	0	287.687721	1100.375	1	1	1			188.4
238	23.7	0.2	-1.1	-1.5	184.7	187.4	184	1101	0.2	-1.3	-1.7	187.2	183.8	0	287.797182	1100.369894	1	1	1			184.5
239	23.8	0.1	-1.3	-1.6	179.5	183.8	184.7	1100	0.2	-1.5	-1.8	183.6	184.5	0	287.374932	1100.260428	1	1	1			179.4
240	23.9	0.1	-1.3	-1.5	189.4	192.4	193.4	1098	0.2	-1.5	-1.7	192.2	193.2	0	286.716382	1100.375	1	1	1			189.3
241	24	0	-1.2	-1.4	185.2	187	183	1106	0.2	-1.4	-1.6	186.8	182.8	0	286.958284	1100.375	1	1	1			185.2
242	24.1	0	-1.4	-1.6	181.7	185.9	184.8	1100	0.2	-1.6	-1.8	185.7	184.6	0	287.100031	1100.349979	1	1	1			181.7
243	24.2	0.1	-1.4	-1.4	189.3	193.2	193.4	1100	0.2	-1.6	-1.6	193	193.2	0	287.17174	1100.218696	1	1	1			189.2
244	24.3	0.1	-1.2	-1.4	185.2	187.6	181.8	1103	0.2	-1.4	-1.6	187.4	181.6	0	286.9375	1100.198264	1	1	1			185.1
245	24.4	0	-1.3	-1.6	178.9	183.5	184.9	1100	0.2	-1.5	-1.8	183.3	184.7	0	286.895585	1100.416915	1	1	1			178.9
246	24.5	0	-1.3	-1.4	187.5	191.3	191.9	1099	0.2	-1.5	-1.6	191.1	191.7	0	286.60063	1100.5	1	1	1			187.5
247	24.6	0.1	-1.3	-1.4	186.7	188.1	184	1101	0.2	-1.5	-1.6	187.9	183.8	0	286.119538	1100.5	1	1	1			186.6
248	24.7	0.2	-1.3	-1.6	180.4	184.2	184.9	1100	0.2	-1.5	-1.8	184	184.7	0	286.109331	1100.5	1	1	1			180.2
249	24.8	0	-1.3	-1.4	187.9	190.3	192.8	1100	0.2	-1.5	-1.6	190.1	192.6	0	286.249864	1100.562636	1	1	1			187.9
250	24.9	0.1	-1.2	-1.5	187	189.4	182.9	1103	0.2	-1.4	-1.7	189.2	182.7	0	286.153525	1100.489099	1	1	1			186.9
251	25	0.1	-1.2	-1.6	179.1	183.2	182.8	1096	0.2	-1.4	-1.8	183	182.6	0	286.015221	1100.448186	1	1	1			179
252	25.1	0	-1.2	-1.4	187.4	189.9	190.5	1100	0.2	-1.4	-1.6	189.7	190.3	0	286.01575	1100.57825	1	1	1			187.4
253	25.2	0.2	-1.2	-1.5	186.7	189.4	183.4	1099	0.2	-1.4	-1.7	189.2	183.2	0	285.979087	1100.625	1	1	1			186.5
254	25.3	0.2	-1.2	-1.5	178.6	182.8	182.8	1098	0.2	-1.4	-1.7	182.6	182.6	0	285.715601	1100.625	1	1	1			178.4
255	25.4	-0.2	-1.6	-1.5	187.4	191	192	1100	0.2	-1.8	-1.7	190.8	191.8	0	285.718984	1100.718984	1	1	1			187.6
256	25.5	0.1	-1.3	-1.4	189	190.7	183.3	1102	0.2	-1.5	-1.6	190.5	183.1	0	285.799607	1100.75	1	1	1			188.9
257	25.6	0.1	-1.2	-1.5	177.9	182.3	182	1098	0.2	-1.4	-1.7	182.1	181.8	0	286.020943	1100.854221	1	1	1			177.8
258	25.7	-0.2	-1.5	-1.5	185.5	189.8	190.6	1098	0.2	-1.7	-1.7	189.6	190.4	0	285.788713	1100.65597	1	1	1			185.7
259	25.8	0.1	-1.3	-1.4	187.6	190.4	184	1099	0.2	-1.5	-1.6	190.2	183.8	0	285.75	1100.739855	1	1	1			187.5
260	25.9	0.1	-1.2	-1.5	177.5	181.2	182.9	1099	0.2	-1.4	-1.7	181	182.7	0	285.870073	1100.75	1	1	1			177.4
261	26	-0.2	-1.6	-1.5	185.1	188.9	190.2	1103	0.2	-1.8	-1.7	188.7	190	0	285.1875	1100.75	1	1	1			185.3
262	26.1	0.3	-1.1	-1.4	187.9	189.9	183.7	1102	0.2	-1.3	-1.6	189.7	183.5	0	285.182069	1100.75	1	1	1			187.6
263	26.2	0.1	-1.1	-1.5	177.2	181.3	181	1101	0.2	-1.3	-1.7	181.1	180.8	0	284.989552	1100.760448	1	1	1			177.1
264	26.3	-0.2	-1.6	-1.4	186	188.9	190.9	1097	0.2	-1.8	-1.6	188.7	190.7	0	284.844767	1100.859883	1	1	1			186.2
265	26.4	0.1	-1.1	-1.4	187.9	190.7	184.9	1103	0.2	-1.3	-1.6	190.5	184.7	0	284.688389	1100.75	1	1	1			187.8
266	26.5	0.2	-1.1	-1.6	176.6	181.3	181.8	1100	0.2	-1.3	-1.8	181.1	181.6	0	285.026293	1100.75	1	1	1			176.4
267	26.6	-0.1	-1.4	-1.4	184.1	187.4	190	1103	0.2	-1.6	-1.6	187.2	189.8	0	285.030961	1100.718654	1	1	1			184.2
268	26.7	0.1	-1.2	-1.5	187.6	190	183.3	1099	0.2	-1.4	-1.7	189.8	183.1	0	284.658461	1100.661615	1	1	1			187.5
269	26.8	0.2	-1.1	-1.6	178.2	182.3	181.1	1093	0.2	-1.3	-1.8	182.1	180.9	0	284.290814	1100.75	1	1	1			178
270	26.9	-0.3	-1.6	-1.5	184.1	187.4	188.7	1103	0.2	-1.8	-1.7	187.2	188.5	0	284.283014	1100.797169	1	1	1			184.4
271	27	0	-1.3	-1.5	187.6	190.9	187.5	1100	0.2	-1.5	-1.7	190.7	187.3	0	284.566913	1100.875	1	1	1			187.6
272	27.1	0.4	-1.1	-1.5	176.3	179.9	181	1100	0.2	-1.3	-1.7	179.7	180.8	0	284.255137	1100.817637	1	1	1			175.9
273	27.2	-0.2	-1.5	-1.5	183.9	187.6	188.2	1101	0.2	-1.7	-1.7	187.4	188	0	284.250205	1100.75	1	1	1			184.1
274	27.3	0.1	-1.2	-1.5	186.2	189.5	185.8	1101	0.2	-1.4	-1.7	189.3	185.6	0	284.210447	1100.75	1	1	1			186.1
275	27.4	0.3	-0.9	-1.5	177.2	181.3	179.6	1101	0.2	-1.1	-1.7	181.1	179.4	0	284.271398	1100.75	1	1	1			176.9
276	27.5	-0.2	-1.8	-1.4	182.2	185.7	187.1	1105	0.2	-2	-1.6	185.5	186.9	0	284.023011	1100.75	1	1	1			182.4
277	27.6	0.2	-1.1	-1.4	187.6	190.4	185.8	1101	0.2	-1.3	-1.6	190.2	185.6	0	283.770802	1100.75	1	1	1			187.4
278	27.7	0.5	-0.7	-1.6	175.8	179.7	181.4	1103	0.2	-0.9	-1.8	179.5	181.2	0	283.83883	1100.75	1	1	1			175.3
