{
	"Compressor1":{
		"PRC": "1.3", 
		"SplNo": "1", 
		"deltaT": "0.0", 
		"deltaP": "0.0",
	},

	"Compressor2":{
		"PRC": "1.2", 
		"SplNo": "1", 
		"deltaT": "0.0", 
		"deltaP": "0.0"
	},

	"Compressor3":{
		"PRC": "1.2", 
		"SplNo": "1", 
		"deltaT": "0", 
		"deltaP": "0"
	},

	"Turbine1":{
		"PRT": "1.2", 
		"EtaT": "0.9", 
		"SplNo": "1"
	},		

	"Turbine2":{
		"PRT": "1.2", 
		"EtaT": "0.9", 
		"SplNo": "1"
	},
	
	"Turbine3":{
		"PRT": "1.2", 
		"EtaT": "0.9", 
		"SplNo": "1"
	},
	
	"Spool1":{
		"Inertia": "0.0"
	},	

	"Spool2":{
		"Inertia": "0.0"
	},	

	"Spool3":{
		"Inertia": "0.0"
	},	

}